action,target
sanitized_pdf_metadata,2021_07_20_03_24_16_pm.zip:2021_07_20_03_24_16_pm/ekg.pdf
sanitized_pdf_metadata,2021_07_26_09_23_15_am.zip:2021_07_26_09_23_15_am/ekg.pdf
sanitized_pdf_metadata,2021_07_24_10_48_43_am.zip:2021_07_24_10_48_43_am/ekg.pdf
sanitized_pdf_metadata,2021_07_25_08_56_39_am.zip:2021_07_25_08_56_39_am/ekg.pdf
sanitized_pdf_metadata,2021_07_23_08_18_34_am.zip:2021_07_23_08_18_34_am/ekg.pdf
sanitized_pdf_metadata,2021_07_26_05_57_29_pm.zip:2021_07_26_05_57_29_pm/ekg.pdf
sanitized_pdf_metadata,2021_07_26_09_11_09_pm.zip:2021_07_26_09_11_09_pm/ekg.pdf
sanitized_pdf_metadata,2021_07_24_04_16_16_pm.zip:2021_07_24_04_16_16_pm/ekg.pdf
sanitized_pdf_metadata,2021_07_24_05_19_57_pm.zip:2021_07_24_05_19_57_pm/ekg.pdf
sanitized_pdf_metadata,2021_07_20_01_27_46_pm.zip:2021_07_20_01_27_46_pm/ekg.pdf
sanitized_pdf_metadata,2021_07_24_03_10_05_pm.zip:2021_07_24_03_10_05_pm/ekg.pdf
sanitized_pdf_metadata,2021_07_25_08_21_00_pm.zip:2021_07_25_08_21_00_pm/ekg.pdf
sanitized_pdf_metadata,2021_07_26_09_54_22_am.zip:2021_07_26_09_54_22_am/ekg.pdf
sanitized_pdf_metadata,2021_07_19_10_45_59_pm.zip:2021_07_19_10_45_59_pm/ekg.pdf
sanitized_pdf_metadata,2021_07_25_08_53_32_pm.zip:2021_07_25_08_53_32_pm/ekg.pdf
sanitized_pdf_metadata,2021_07_20_10_17_48_am.zip:2021_07_20_10_17_48_am/ekg.pdf
sanitized_pdf_metadata,2021_07_21_02_04_12_pm.zip:2021_07_21_02_04_12_pm/ekg.pdf
sanitized_pdf_metadata,2021_07_23_01_45_24_pm.zip:2021_07_23_01_45_24_pm/ekg.pdf
sanitized_pdf_metadata,2021_07_20_08_23_54_am.zip:2021_07_20_08_23_54_am/ekg.pdf
sanitized_pdf_metadata,2021_07_19_07_43_15_pm.zip:2021_07_19_07_43_15_pm/ekg.pdf
sanitized_pdf_metadata,2021_07_22_05_03_58_pm.zip:2021_07_22_05_03_58_pm/ekg.pdf
sanitized_pdf_metadata,2021_07_25_07_45_06_pm.zip:2021_07_25_07_45_06_pm/ekg.pdf
sanitized_pdf_metadata,2021_07_21_08_11_24_am.zip:2021_07_21_08_11_24_am/ekg.pdf
sanitized_pdf_metadata,2021_07_20_09_53_55_pm.zip:2021_07_20_09_53_55_pm/ekg.pdf
sanitized_pdf_metadata,2021_07_21_08_31_11_pm.zip:2021_07_21_08_31_11_pm/ekg.pdf
sanitized_pdf_metadata,2021_07_22_03_42_08_pm.zip:2021_07_22_03_42_08_pm/ekg.pdf
sanitized_pdf_metadata,2021_07_22_06_29_55_pm.zip:2021_07_22_06_29_55_pm/ekg.pdf
sanitized_pdf_metadata,2021_07_22_08_57_52_am.zip:2021_07_22_08_57_52_am/ekg.pdf
sanitized_pdf_metadata,2021_07_20_05_58_54_pm.zip:2021_07_20_05_58_54_pm/ekg.pdf
sanitized_pdf_metadata,2021_07_20_10_09_28_pm.zip:2021_07_20_10_09_28_pm/ekg.pdf
sanitized_pdf_metadata,2021_07_20_11_10_19_am.zip:2021_07_20_11_10_19_am/ekg.pdf
sanitized_pdf_metadata,2021_07_21_08_29_48_am.zip:2021_07_21_08_29_48_am/ekg.pdf
sanitized_pdf_metadata,2021_07_26_08_23_16_am.zip:2021_07_26_08_23_16_am/ekg.pdf
sanitized_pdf_metadata,2021_07_20_08_10_10_pm.zip:2021_07_20_08_10_10_pm/ekg.pdf
sanitized_pdf_metadata,2021_07_19_09_24_03_pm.zip:2021_07_19_09_24_03_pm/ekg.pdf
sanitized_pdf_metadata,2021_07_24_12_47_37_pm.zip:2021_07_24_12_47_37_pm/ekg.pdf
sanitized_pdf_metadata,2021_07_22_05_34_48_pm.zip:2021_07_22_05_34_48_pm/ekg.pdf
sanitized_pdf_metadata,2021_07_24_04_36_05_pm.zip:2021_07_24_04_36_05_pm/ekg.pdf
sanitized_pdf_metadata,2021_07_24_09_45_28_pm.zip:2021_07_24_09_45_28_pm/ekg.pdf
sanitized_pdf_metadata,2021_07_22_05_51_17_pm.zip:2021_07_22_05_51_17_pm/ekg.pdf
sanitized_pdf_metadata,2021_07_24_09_52_21_am.zip:2021_07_24_09_52_21_am/ekg.pdf
sanitized_pdf_metadata,2021_07_26_12_49_51_pm.zip:2021_07_26_12_49_51_pm/ekg.pdf
sanitized_pdf_metadata,2021_07_25_10_22_29_pm.zip:2021_07_25_10_22_29_pm/ekg.pdf
sanitized_pdf_metadata,2021_07_26_12_28_30_pm.zip:2021_07_26_12_28_30_pm/ekg.pdf
sanitized_pdf_metadata,2021_07_26_01_49_35_pm.zip:2021_07_26_01_49_35_pm/ekg.pdf
sanitized_pdf_metadata,2021_07_25_05_22_54_pm.zip:2021_07_25_05_22_54_pm/ekg.pdf
sanitized_pdf_metadata,2021_07_26_03_56_39_pm.zip:2021_07_26_03_56_39_pm/ekg.pdf
sanitized_pdf_metadata,2021_07_22_04_26_03_pm.zip:2021_07_22_04_26_03_pm/ekg.pdf
sanitized_pdf_metadata,2021_07_22_09_09_07_pm.zip:2021_07_22_09_09_07_pm/ekg.pdf
sanitized_xlsx_metadata,Centralised_Data.xlsx
sanitized_pdf_metadata,2021_07_25_09_25_32_pm.zip:2021_07_25_09_25_32_pm/ekg.pdf
sanitized_pdf_metadata,2021_07_26_01_05_57_pm.zip:2021_07_26_01_05_57_pm/ekg.pdf
sanitized_pdf_metadata,2021_07_26_02_07_05_pm.zip:2021_07_26_02_07_05_pm/ekg.pdf
